file,bytes,md5,source
"13523 17012011_GAG P15_F03.fcs",23623556,b5e7230bca23f0ea85f77e38b86a44a2,FlowRepository FR-FCM-ZZ2T
"13523 17012011_NS_F01.fcs",20239401,848e81386b35a542ac0764ce98c44757,FlowRepository FR-FCM-ZZ2T
"13523 17012011_SEB_F06.fcs",32530021,490e8c1ba29647403e339dda1a9b3536,FlowRepository FR-FCM-ZZ2T
"BEADS_CD154 FITC_H02.fcs",814354,2ff159bef8080e6e5f3ae892fef5f215,FlowRepository FR-FCM-ZZ2T
"BEADS_CD3 APCCy7_H10.fcs",635071,a6bb0c33ae0f0d5411190626dcf4b0eb,FlowRepository FR-FCM-ZZ2T
"BEADS_CD45RA PECy7_H05.fcs",602968,bf3420ae5d53e194bb972019ce205b73,FlowRepository FR-FCM-ZZ2T
"BEADS_CD4 PerCPCy55_H04.fcs",909763,8cfd2171a3cb9c79977ba598fed3b554,FlowRepository FR-FCM-ZZ2T
"BEADS_CD8 APC_H08.fcs",652197,c12b4d084493ef018d621645b3a42d12,FlowRepository FR-FCM-ZZ2T
"BEADS_CD8 V500_H07.fcs",618659,059887f617d6755b37cd7e2300a2cdd1,FlowRepository FR-FCM-ZZ2T
"BEADS_IFNg V450_H06.fcs",596482,ff495479ee69ae8a79615d5af53c9cbb,FlowRepository FR-FCM-ZZ2T
"BEADS_MIP1b PE_H03.fcs",609365,2852a35408b1cb5cadceab2c2d848057,FlowRepository FR-FCM-ZZ2T
"BEADS_NEG_H01.fcs",432367,f2ca8abe9b5003e8254ee911bcfc10d4,FlowRepository FR-FCM-ZZ2T
"BEADS_TNFa A700_H09.fcs",608584,42dfd6c0deb11d4ab3573a5cb3c4b7bd,FlowRepository FR-FCM-ZZ2T
"PHY1002_20110118_ICS_SG_OMIP.jo",1053346,af1d154828a296a71880edbef6bbc540,FlowRepository FR-FCM-ZZ2T
